{
    "display": {
        "icon": {
            "item": "minecraft:iron_block"
        },
        "title": {
            "text": "Fayne's Awakening",
            "color": "red",
            "bold": true
        },
        "description": {
            "text": "His limits, broken.",
            "color": "#888888",
            "italic": true
        },
        "frame": "task",
        "show_toast": false,
        "announce_to_chat": false,
        "hidden": true,
        "background": "minecraft:textures/block/iron_block.png"
    },
    "criteria": {
        "spawn": {
            "trigger": "tick"
        }
    }
}