{
  "advancement": "spectrum:collect_gemstone_powder",
  "block_states": {
    "spectrum:topaz_block": "minecraft:amethyst_block",
    "spectrum:budding_topaz": "minecraft:budding_amethyst",
    "spectrum:small_topaz_bud": "minecraft:small_amethyst_bud",
    "spectrum:medium_topaz_bud": "minecraft:medium_amethyst_bud",
    "spectrum:large_topaz_bud": "minecraft:large_amethyst_bud",
    "spectrum:topaz_cluster": "minecraft:amethyst_cluster",
    "spectrum:topaz_ore": "spectrum:amethyst_ore",
    "spectrum:deepslate_topaz_ore": "spectrum:deepslate_amethyst_ore",
    "spectrum:blackslag_topaz_ore": "spectrum:blackslag_amethyst_ore",    
    "spectrum:citrine_block": "minecraft:amethyst_block",
    "spectrum:budding_citrine": "minecraft:budding_amethyst",
    "spectrum:small_citrine_bud": "minecraft:small_amethyst_bud",
    "spectrum:medium_citrine_bud": "minecraft:medium_amethyst_bud",
    "spectrum:large_citrine_bud": "minecraft:large_amethyst_bud",
    "spectrum:citrine_cluster": "minecraft:amethyst_cluster",
    "spectrum:citrine_ore": "spectrum:amethyst_ore",
    "spectrum:deepslate_citrine_ore": "spectrum:deepslate_amethyst_ore",
    "spectrum:blackslag_citrine_ore": "spectrum:blackslag_amethyst_ore",
    "spectrum:small_citrine_bud[facing=down]": "minecraft:small_amethyst_bud[facing=down]",
    "spectrum:medium_citrine_bud[facing=down]": "minecraft:medium_amethyst_bud[facing=down]",
    "spectrum:large_citrine_bud[facing=down]": "minecraft:large_amethyst_bud[facing=down]",
    "spectrum:citrine_cluster[facing=down]": "minecraft:amethyst_cluster[facing=down]",
    "spectrum:small_topaz_bud[facing=down]": "minecraft:small_amethyst_bud[facing=down]",
    "spectrum:medium_topaz_bud[facing=down]": "minecraft:medium_amethyst_bud[facing=down]",
    "spectrum:large_topaz_bud[facing=down]": "minecraft:large_amethyst_bud[facing=down]",
    "spectrum:topaz_cluster[facing=down]": "minecraft:amethyst_cluster[facing=down]",
    "spectrum:small_citrine_bud[facing=north]": "minecraft:small_amethyst_bud[facing=north]",
    "spectrum:medium_citrine_bud[facing=north]": "minecraft:medium_amethyst_bud[facing=north]",
    "spectrum:large_citrine_bud[facing=north]": "minecraft:large_amethyst_bud[facing=north]",
    "spectrum:citrine_cluster[facing=north]": "minecraft:amethyst_cluster[facing=north]",
    "spectrum:small_topaz_bud[facing=north]": "minecraft:small_amethyst_bud[facing=north]",
    "spectrum:medium_topaz_bud[facing=north]": "minecraft:medium_amethyst_bud[facing=north]",
    "spectrum:large_topaz_bud[facing=north]": "minecraft:large_amethyst_bud[facing=north]",
    "spectrum:topaz_cluster[facing=north]": "minecraft:amethyst_cluster[facing=north]",
    "spectrum:small_citrine_bud[facing=west]": "minecraft:small_amethyst_bud[facing=west]",
    "spectrum:medium_citrine_bud[facing=west]": "minecraft:medium_amethyst_bud[facing=west]",
    "spectrum:large_citrine_bud[facing=west]": "minecraft:large_amethyst_bud[facing=west]",
    "spectrum:citrine_cluster[facing=west]": "minecraft:amethyst_cluster[facing=west]",
    "spectrum:small_topaz_bud[facing=west]": "minecraft:small_amethyst_bud[facing=west]",
    "spectrum:medium_topaz_bud[facing=west]": "minecraft:medium_amethyst_bud[facing=west]",
    "spectrum:large_topaz_bud[facing=west]": "minecraft:large_amethyst_bud[facing=west]",
    "spectrum:topaz_cluster[facing=west]": "minecraft:amethyst_cluster[facing=west]",
    "spectrum:small_citrine_bud[facing=south]": "minecraft:small_amethyst_bud[facing=south]",
    "spectrum:medium_citrine_bud[facing=south]": "minecraft:medium_amethyst_bud[facing=south]",
    "spectrum:large_citrine_bud[facing=south]": "minecraft:large_amethyst_bud[facing=south]",
    "spectrum:citrine_cluster[facing=south]": "minecraft:amethyst_cluster[facing=south]",
    "spectrum:small_topaz_bud[facing=south]": "minecraft:small_amethyst_bud[facing=south]",
    "spectrum:medium_topaz_bud[facing=south]": "minecraft:medium_amethyst_bud[facing=south]",
    "spectrum:large_topaz_bud[facing=south]": "minecraft:large_amethyst_bud[facing=south]",
    "spectrum:topaz_cluster[facing=south]": "minecraft:amethyst_cluster[facing=south]",
    "spectrum:small_citrine_bud[facing=east]": "minecraft:small_amethyst_bud[facing=east]",
    "spectrum:medium_citrine_bud[facing=east]": "minecraft:medium_amethyst_bud[facing=east]",
    "spectrum:large_citrine_bud[facing=east]": "minecraft:large_amethyst_bud[facing=east]",
    "spectrum:citrine_cluster[facing=east]": "minecraft:amethyst_cluster[facing=east]",
    "spectrum:small_topaz_bud[facing=east]": "minecraft:small_amethyst_bud[facing=east]",
    "spectrum:medium_topaz_bud[facing=east]": "minecraft:medium_amethyst_bud[facing=east]",
    "spectrum:large_topaz_bud[facing=east]": "minecraft:large_amethyst_bud[facing=east]",
    "spectrum:topaz_cluster[facing=east]": "minecraft:amethyst_cluster[facing=east]"
  },
  "items": {
    "spectrum:topaz_block": "minecraft:amethyst_block",
    "spectrum:budding_topaz": "minecraft:budding_amethyst",
    "spectrum:small_topaz_bud": "minecraft:small_amethyst_bud",
    "spectrum:medium_topaz_bud": "minecraft:medium_amethyst_bud",
    "spectrum:large_topaz_bud": "minecraft:large_amethyst_bud",
    "spectrum:topaz_cluster": "minecraft:amethyst_cluster",
    "spectrum:topaz_ore": "spectrum:amethyst_ore",
    "spectrum:deepslate_topaz_ore": "spectrum:deepslate_amethyst_ore",
    "spectrum:blackslag_topaz_ore": "spectrum:blackslag_amethyst_ore",    
    "spectrum:citrine_block": "minecraft:amethyst_block",
    "spectrum:budding_citrine": "minecraft:budding_amethyst",
    "spectrum:small_citrine_bud": "minecraft:small_amethyst_bud",
    "spectrum:medium_citrine_bud": "minecraft:medium_amethyst_bud",
    "spectrum:large_citrine_bud": "minecraft:large_amethyst_bud",
    "spectrum:citrine_cluster": "minecraft:amethyst_cluster",
    "spectrum:citrine_ore": "spectrum:amethyst_ore",
    "spectrum:deepslate_citrine_ore": "spectrum:deepslate_amethyst_ore",
    "spectrum:blackslag_citrine_ore": "spectrum:blackslag_amethyst_ore",
    "spectrum:citrine_shard": "minecraft:amethyst_shard",
    "spectrum:topaz_shard": "minecraft:amethyst_shard",
    "spectrum:citrine_powder": "spectrum:amethyst_powder",
    "spectrum:topaz_powder": "spectrum:amethyst_powder"
  }
}
