{
    "name": "Aquatic Diet",
    "description": "You can only eat fish and dried kelp. Dried kelp provides more hunger and saturation.",
    "type": "origins:multiple",
    "ws_diet": {
        "type": "origins:prevent_item_use",
        "item_condition": {
            "type": "origins:and",
            "conditions": [
                {
                    "inverted": true,
                    "type": "origins:food"
                },
                {
                    "inverted": true,
                    "type": "origins:ingredient",
                    "ingredient": {
                        "tag": "minecraft:fishes"
                    }
                },
                {
                    "inverted": true,
                    "type": "origins:ingredient",
                    "ingredient": {
                        "item": "minecraft:dried_kelp"
                    }
                }
            ]
        }
    },
    "ws_kelp": {
        "type": "origins:modify_food",
        "item_condition": {
            "type": "origins:ingredient",
            "ingredient": {
                "item": "minecraft:dried_kelp"
            }
        },
        "food_modifier": {
            "operation": "add_base_early",
            "value": 2
        },
        "saturation_modifier": {
            "operation": "add_base_early",
            "value": 0.6
        }
    }
}