{
    "name": "Electrical Appliance",
    "description": "You run on electricity.",
    "type": "origins:multiple",
    "no_food": {
        "name": "Gutless",
        "description": "You can't eat food.",
        "type": "origins:prevent_item_use",
        "item_condition": {
            "type": "origins:and",
            "conditions": [
                {
                    "type": "origins:food"
                },
                {
                    "type": "origins:ingredient",
                    "ingredient": {
                        "tag": "origins:ignore_diet"
                    }
                }
            ]
        }
    },
    "energy_consumption": {
        "name": "Energy Consumer",
        "description": "You consume energetic resources for power.",
        "type": "origins:action_on_item_use",
        "entity_action": {
            "type": "origins:feed",
            "food": 6,
            "saturation": 6
        },
        "item_action": {
            "type": "origins:consume",
            "amount": 1
        },
        "item_condition": {
            "type": "origins:ingredient",
            "ingredient": {
                "tag": "fayne_origins:energy_sources"
            }
        }
    },
    "energy_bar": {
        "name": "Energy Bar",
        "description": "No food? No Problem.",
        "hidden": true,
        "type": "origins:status_bar_texture",
        "texture": "fayne_origins:textures/gui/robot_status_bar.png"
    }
}