{
    "name": "Unbreakable",
    "description": "You cannot be killed unless you are hungry.\nInstead of dying, you are crippled for 5 minutes.",
    "condition": {
        "type": "origins:food_level",
        "comparison": ">=",
        "compare_to": 1
    },
    "type": "origins:prevent_death",
    "entity_action": {
        "type": "origins:and",
        "actions": [
            {
                "type": "origins:exhaust",
                "amount": 5
            },
            {
                "type": "origins:apply_effect",
                "effects": [
                    {
                        "effect": "minecraft:resistance",
                        "duration": 6000,
                        "amplifier": 9,
                        "show_particles": false,
                        "show_icon": true
                    },
                    {
                        "effect": "minecraft:slowness",
                        "duration": 6000,
                        "amplifier": 9,
                        "show_particles": false,
                        "show_icon": true
                    },
                    {
                        "effect": "minecraft:weakness",
                        "duration": 6000,
                        "amplifier": 9,
                        "show_particles": false,
                        "show_icon": true
                    },
                    {
                        "effect": "minecraft:mining_fatigue",
                        "duration": 6000,
                        "amplifier": 9,
                        "show_particles": false,
                        "show_icon": true
                    }
                ]
            },
            {
                "type": "origins:play_sound",
                "sound": "minecraft:entity.generic.explode",
                "volume": 1,
                "pitch": 1
            }
        ]
    }
}