{
    "name": "Upgradable",
    "description": "There is room to improve on this design.",
    "type": "origins:multiple",
    "upgrade_recipe": {
        "hidden": true,
        "type": "origins:recipe",
        "recipe": {
            "id": "fayne_origins:robot_upgrade_recipe",
            "type": "minecraft:crafting_shaped",
            "pattern": [
                "ICI",
                "RTR",
                "ICI"
            ],
            "key": {
                "I": {
                    "item": "minecraft:iron_block"
                },
                "C": {
                    "item": "minecraft:copper_block"
                },
                "R": {
                    "item": "minecraft:redstone_block"
                },
                "T": {
                    "item": "minecraft:totem_of_undying"
                }
            },
            "result": {
                "item": "minecraft:nether_star",
                "count": 1
            }
        }
    },
    "use_upgrade": {
        "hidden": true,
        "type": "origins:action_on_item_use",
        "entity_action": {
            "type": "origins:execute_command",
            "command": "advancement grant @s only fayne_origins:fehn/heavy_metal_is_here"
        },
        "item_action": {
            "type": "origins:consume",
            "amount": 1
        },
        "item_condition": {
            "type": "origins:ingredient",
            "ingredient": {
                "item": "minecraft:nether_star"
            }
        }
    }
}