{
    "name": "Robot FAYNE",
    "description": "An incredible feat of engineering. You have exceeded the limits of your design.",
    "powers": [
        "fayne_origins:electrical_appliance",
        "fayne_origins:instant_starvation",
        "fayne_origins:energy_efficient",
        "fayne_origins:inorganic",
        "fayne_origins:overclock",
        "fayne_origins:mechanical_advantage",
        "fayne_origins:metal_body",
        "fayne_origins:metal_repair",
        "fayne_origins:soul_core",
        "fayne_origins:unbreakable"
    ],
    "icon": {
        "item": "minecraft:beacon"
    },
    "impact": 3
}