{
    "name": "Robot",
    "description": "An intricate machine designed to replicate human thoughts and feelings.",
    "powers": [
        "fayne_origins:electrical_appliance",
        "fayne_origins:instant_starvation",
        "fayne_origins:energy_efficient",
        "fayne_origins:inorganic",
        "fayne_origins:overclock",
        "fayne_origins:mechanical_advantage",
        "fayne_origins:metal_body",
        "fayne_origins:metal_repair",
        "fayne_origins:upgradable"
    ],
    "icon": {
        "item": "minecraft:iron_block",
        "amount": 1
    },
    "upgrades": [
        {
            "condition": "fayne_origins:fayne/heavy_metal_is_here",
            "origin": "fayne_origins:robot_fayne",
            "announcement": "Knock 'em dead!"
        }
    ],
    "impact": 3
}