{
    "display": {
        "icon": {
            "item": "minecraft:iron_ingot"
        },
        "title": "HEAVY METAL INCOMING",
        "description": "A robot has appeared!",
        "frame": "challenge",
        "show_toast": true,
        "announce_to_chat": true,
        "hidden": true
    },
    "parent": "rustic_fantastic_origins:fehn/root",
    "criteria": {
        "is_robot": {
            "trigger": "tick",
            "conditions": {
                "player": [
                    {
                        "condition": "origins:origin",
                        "origin": "fayne_origins:robot_common"
                    }
                ]
            }
        }
    }
}