{
    "name": "Axe Hater",
    "description": "All non-sword weapons will deal very little damage.",
    "condition": {
        "type": "origins:or",
        "conditions": [
            {
                "type": "origins:equipped_item",
                "equipment_slot": "mainhand",
                "item_condition": {
                    "type": "origins:ingredient",
                    "ingredient": {
                        "tag": "c:pickaxes"
                    }
                }
            },
            {
                "type": "origins:equipped_item",
                "equipment_slot": "mainhand",
                "item_condition": {
                    "type": "origins:ingredient",
                    "ingredient": {
                        "tag": "c:shovels"
                    }
                }
            },
            {
                "type": "origins:equipped_item",
                "equipment_slot": "mainhand",
                "item_condition": {
                    "type": "origins:ingredient",
                    "ingredient": {
                        "tag": "c:axes"
                    }
                }
            },
            {
                "type": "origins:equipped_item",
                "equipment_slot": "mainhand",
                "item_condition": {
                    "type": "origins:ingredient",
                    "ingredient": {
                        "item": "minecraft:trident"
                    }
                }
            },
            {
                "type": "origins:equipped_item",
                "equipment_slot": "mainhand",
                "item_condition": {
                    "type": "origins:ingredient",
                    "ingredient": [
                        {
                            "item": "bloodmagic:soulaxe"
                        },
                        {
                            "item": "vampirism:hunter_axe_normal"
                        },
                        {
                            "item": "vampirism:hunter_axe_enhanced"
                        },
                        {
                            "item": "vampirism:hunter_axe_ultimate"
                        },
                        {
                            "item": "alexscaves:limestone_spear"
                        },
                        {
                            "item": "alexscaves:extinction_spear"
                        },
                        {
                            "item": "alexscaves:ortholance"
                        },
                        {
                            "item": "alexscaves:desolate_dagger"
                        },
                        {
                            "item": "tetra:modular_double"
                        },
                        {
                            "item": "tetra:modular_single"
                        }
                    ]
                }
            }
        ]
    },
    "type": "origins:modify_damage_dealt",
    "modifier": {
        "operation": "max_total",
        "value": 2
    }
}