{
    "name": "Sword Mastery",
    "description": "You deal significantly more damage with swords.",
    "condition": {
        "type": "origins:equipped_item",
        "equipment_slot": "mainhand",
        "item_condition": {
            "type": "origins:or",
            "conditions": [
                {
                    "type": "origins:and",
                    "conditions": [
                        {
                            "type": "origins:ingredient",
                            "ingredient": {
                                "tag": "c:swords"
                            }
                        },
                        {
                            "inverted": true,
                            "type": "origins:ingredient",
                            "ingredient": [
                                {
                                    "item": "alexscaves:limestone_spear"
                                },
                                {
                                    "item": "alexscaves:ortholance"
                                },
                                {
                                    "item": "alexscaves:extinction_spear"
                                },
                                {
                                    "item": "alexscaves:desolate_dagger"
                                }
                            ]
                        }
                    ]
                },
                {
                    "type": "origins:ingredient",
                    "ingredient": [
                        {
                            "item": "tetra:modular_sword"
                        },
                        {
                            "item": "vampirism:heart_seeker_normal"
                        },
                        {
                            "item": "vampirism:heart_seeker_enhanced"
                        },
                        {
                            "item": "vampirism:heart_seeker_ultimate"
                        },
                        {
                            "item": "vampirism:heart_striker_normal"
                        },
                        {
                            "item": "vampirism:heart_striker_enhanced"
                        },
                        {
                            "item": "vampirism:heart_striker_ultimate"
                        }
                    ]
                }
            ]
        }
    },
    "type": "origins:modify_damage_dealt",
    "modifier": {
        "operation": "multiply_total",
        "value": 1
    }
}