{
    "name": "Water Breathing",
    "description": "You are able to breathe in water.",
    "condition": {
        "type": "origins:submerged_in",
        "fluid": "minecraft:water"
    },
    "type": "origins:stacking_status_effect",
    "min_stacks": 3,
    "max_stacks": 5,
    "duration_per_stack": 40,
    "tick_rate": 20,
    "effect": {
        "effect": "water_breathing",
        "duration": 100,
        "amplifier": 0,
        "is_ambient": true,
        "show_particles": false,
        "show_icon": false
    }
}