{
    "name": "Made of Water",
    "description": "You cannot regenerate naturally while outside of water. You can restore some health by drinking water.",
    "type": "origins:multiple",
    "ws_no_regen": {
        "condition": {
            "inverted": true,
            "type": "origins:submerged_in",
            "fluid": "minecraft:water"
        },
        "type": "origins:disable_regen"
    },
    "ws_waterheal": {
        "type": "origins:action_on_item_use",
        "entity_action": {
            "type": "origins:heal",
            "amount": 4
        },
        "item_condition": {
            "type": "origins:ingredient",
            "ingredient": {
                "item": "minecraft:potion"
            }
        }
    }
}