{
    "name": "Berserk",
    "description": "This power should be hidden, but it handles the Bloodthirst resource's benefits.",
    "hidden": true,
    "type": "origins:multiple",
    "speed": {
        "condition": {
            "type": "origins:resource",
            "resource": "aigo:bloodthirst",
            "comparison": ">=",
            "compare_to": 5
        },
        "type": "origins:stacking_status_effect",
        "min_stacks": 1,
        "max_stacks": 3,
        "duration_per_stack": 5,
        "tick_rate": 10,
        "effect": {
            "effect": "speed",
            "duration": 100,
            "amplifier": 2,
            "show_particles": false,
            "show_icon": true
        }
    },
    "strength": {
        "condition": {
            "type": "origins:resource",
            "resource": "aigo:bloodthirst",
            "comparison": ">=",
            "compare_to": 10
        },
        "type": "origins:stacking_status_effect",
        "min_stacks": 1,
        "max_stacks": 3,
        "duration_per_stack": 10,
        "tick_rate": 10,
        "effect": {
            "effect": "strength",
            "duration": 100,
            "amplifier": 1,
            "show_particles": true,
            "show_icon": true
        }
    },
    "armor": {
        "condition": {
            "type": "origins:resource",
            "resource": "aigo:bloodthirst",
            "comparison": ">=",
            "compare_to": 20
        },
        "type": "origins:modify_attribute",
        "attribute": "generic.armor",
        "modifier": {
            "operation": "addition",
            "value": 6
        }
    }
}