{
    "name": "Adventurer's Pot",
    "description": "Your wandering nature has lead you to always carry around the supplies to cook a good, hearty meal on the spot. Pressing your Primary key allows you to place a Farmer's Delight Crockpot on top of a Campfire in front of you, however you must consume a log or brick to reuse this power.",
    "type": "origins:multiple",
    "potresource": {
        "type": "origins:resource",
        "min": 0,
        "max": 7,
        "start_value": 0,
        "hud_render": {
            "should_render": true,
            "sprite_location": "origins:textures/gui/community/spiderkolo/resource_bar_points_01.png",
            "bar_index": 2
        }
    },
    "potplace": {
        "condition": {
            "type": "origins:resource",
            "resource": "cirn_origin:adventurers_pot_potresource",
            "comparison": ">",
            "compare_to": 0
        },
        "type": "origins:active_self",
        "entity_action": {
            "type": "origins:raycast",
            "distance": 4.5,
            "block": true,
            "entity": false,
            "shape_type": "outline",
            "fluid_handling": "none",
            "block_action": {
                "type": "origins:and",
                "actions": [
                    {
                        "type": "origins:execute_command",
                        "command": "/fill ~ ~1 ~ ~ ~1 ~ minecraft:campfire replace minecraft:air"
                    },
                    {
                        "type": "origins:execute_command",
                        "command": "/fill ~ ~2 ~ ~ ~2 ~ farmersdelight:cooking_pot replace minecraft:air"
                    }
                ]
            },
            "hit_action": {
                "type": "origins:change_resource",
                "resource": "cirn_origin:adventurers_pot_potresource",
                "change": -1,
                "operation": "add"
            },
            "command_hit_offset": 0
        },
        "key": "primary"
    },
    "potconsume": {
        "condition": {
            "type": "origins:resource",
            "resource": "cirn_origin:adventurers_pot_potresource",
            "comparison": "<",
            "compare_to": 7
        },
        "type": "origins:active_self",
        "entity_action": {
            "type": "origins:if_else_list",
            "actions": [
                {
                    "condition": {
                        "type": "origins:equipped_item",
                        "equipment_slot": "mainhand",
                        "item_condition": {
                            "type": "origins:ingredient",
                            "ingredient": {
                                "item": "minecraft:brick"
                            }
                        }
                    },
                    "action": {
                        "type": "origins:and",
                        "actions": [
                            {
                                "type": "origins:equipped_item_action",
                                "equipment_slot": "mainhand",
                                "action": {
                                    "type": "origins:consume",
                                    "amount": 1
                                }
                            },
                            {
                                "type": "origins:change_resource",
                                "resource": "cirn_origin:adventurers_pot_potresource",
                                "change": 1,
                                "operation": "add"
                            }
                        ]
                    }
                },
                {
                    "condition": {
                        "type": "origins:equipped_item",
                        "equipment_slot": "mainhand",
                        "item_condition": {
                            "type": "origins:ingredient",
                            "ingredient": {
                                "tag": "minecraft:logs"
                            }
                        }
                    },
                    "action": {
                        "type": "origins:and",
                        "actions": [
                            {
                                "type": "origins:equipped_item_action",
                                "equipment_slot": "mainhand",
                                "action": {
                                    "type": "origins:consume",
                                    "amount": 1
                                }
                            },
                            {
                                "type": "origins:change_resource",
                                "resource": "cirn_origin:adventurers_pot_potresource",
                                "change": 1,
                                "operation": "add"
                            }
                        ]
                    }
                }
            ]
        },
        "cooldown": 20,
        "key": {
            "key": "key.use"
        }
    }
}