{
    "name": "Pariah",
    "description": "Iron Golems hostility function.",
    "hidden": true,
    "type": "origins:action_over_time",
    "interval": 10,
    "entity_action": {
        "type": "origins:and",
        "actions": [
            {
                "type": "origins:execute_command",
                "command": "execute at @s as @e[type=minecraft:iron_golem,distance=..10] run data modify entity @s AngryAt set from entity @p UUID"
            },
            {
                "type": "origins:execute_command",
                "command": "execute at @s as @e[type=minecraft:iron_golem,distance=..10] run data modify entity @s AngerTime set value 60"
            },
            {
                "type": "origins:execute_command",
                "command": "execute at @s as @e[type=minecraft:iron_golem,distance=10..20] run data modify entity @s AngryAt set from entity @s UUID"
            },
            {
                "type": "origins:execute_command",
                "command": "execute at @s as @e[type=minecraft:iron_golem,distance=10..20] run data modify entity @s AngerTime set value 0"
            }
        ]
    }
}