{
    "name": "Scavenger",
    "description": "Fix for the Looting functionality failing to activate after rejoining.",
    "hidden": true,
    "type": "origins:multiple",
    "callback": {
        "type": "origins:action_on_callback",
        "execute_chosen_when_orb": true,
        "entity_action_added": {
            "type": "origins:change_resource",
            "resource": "cirn_origin:scavenger_3_resource",
            "change": 1,
            "operation": "add"
        },
        "entity_action_removed": {
            "type": "origins:change_resource",
            "resource": "cirn_origin:scavenger_3_resource",
            "change": -1,
            "operation": "add"
        }
    },
    "resource": {
        "type": "origins:resource",
        "min": 0,
        "max": 1,
        "min_action": {
            "type": "origins:revoke_power",
            "power": "cirn_origin:scavenger_2",
            "source": "cirn_origin:hraesvelgr"
        },
        "max_action": {
            "type": "origins:grant_power",
            "power": "cirn_origin:scavenger_2",
            "source": "cirn_origin:hraesvelgr"
        }
    }
}