{
    "name": "Two Left Thumbs",
    "description": "You aren't much of a good blacksmith, as wandering doesn't give you much time to set up a forge to practice. Armor crafted by you is 20% less effective. This does not apply to Netherite Armor.",
    "type": "origins:multiple",
    "key0": {
        "type": "origins:modify_crafting",
        "recipe": "minecraft:leather_helmet",
        "result": {
            "item": "minecraft:leather_helmet",
            "amount": 1
        },
        "item_action": {
            "type": "origins:modify",
            "modifier": "cirn_origin:shoddy_helmet"
        }
    },
    "key0_": {
        "type": "origins:modify_crafting",
        "recipe": "minecraft:leather_chestplate",
        "result": {
            "item": "minecraft:leather_chestplate",
            "amount": 1
        },
        "item_action": {
            "type": "origins:modify",
            "modifier": "cirn_origin:shoddy_chestplate"
        }
    },
    "key0__": {
        "type": "origins:modify_crafting",
        "recipe": "minecraft:leather_leggings",
        "result": {
            "item": "minecraft:leather_leggings",
            "amount": 1
        },
        "item_action": {
            "type": "origins:modify",
            "modifier": "cirn_origin:shoddy_leggings"
        }
    },
    "key0___": {
        "type": "origins:modify_crafting",
        "recipe": "minecraft:leather_boots",
        "result": {
            "item": "minecraft:leather_boots",
            "amount": 1
        },
        "item_action": {
            "type": "origins:modify",
            "modifier": "cirn_origin:shoddy_boots"
        }
    },
    "key0____": {
        "type": "origins:modify_crafting",
        "recipe": "minecraft:chainmail_helmet",
        "result": {
            "item": "minecraft:chainmail_helmet",
            "amount": 1
        },
        "item_action": {
            "type": "origins:modify",
            "modifier": "cirn_origin:shoddy_helmet"
        }
    },
    "key0___________________": {
        "type": "origins:modify_crafting",
        "recipe": "minecraft:chainmail_chestplate",
        "result": {
            "item": "minecraft:chainmail_chestplate",
            "amount": 1
        },
        "item_action": {
            "type": "origins:modify",
            "modifier": "cirn_origin:shoddy_chestplate"
        }
    },
    "key0__________________": {
        "type": "origins:modify_crafting",
        "recipe": "minecraft:chainmail_leggings",
        "result": {
            "item": "minecraft:chainmail_leggings",
            "amount": 1
        },
        "item_action": {
            "type": "origins:modify",
            "modifier": "cirn_origin:shoddy_leggings"
        }
    },
    "key0______": {
        "type": "origins:modify_crafting",
        "recipe": "minecraft:chainmail_boots",
        "result": {
            "item": "minecraft:chainmail_boots",
            "amount": 1
        },
        "item_action": {
            "type": "origins:modify",
            "modifier": "cirn_origin:shoddy_boots"
        }
    },
    "key0_____": {
        "type": "origins:modify_crafting",
        "recipe": "minecraft:iron_helmet",
        "result": {
            "item": "minecraft:iron_helmet",
            "amount": 1
        },
        "item_action": {
            "type": "origins:modify",
            "modifier": "cirn_origin:shoddy_helmet"
        }
    },
    "key0_________________": {
        "type": "origins:modify_crafting",
        "recipe": "minecraft:iron_chestplate",
        "result": {
            "item": "minecraft:iron_chestplate",
            "amount": 1
        },
        "item_action": {
            "type": "origins:modify",
            "modifier": "cirn_origin:shoddy_chestplate"
        }
    },
    "key0________________": {
        "type": "origins:modify_crafting",
        "recipe": "minecraft:iron_leggings",
        "result": {
            "item": "minecraft:iron_leggings",
            "amount": 1
        },
        "item_action": {
            "type": "origins:modify",
            "modifier": "cirn_origin:shoddy_leggings"
        }
    },
    "key0_______________": {
        "type": "origins:modify_crafting",
        "recipe": "minecraft:iron_boots",
        "result": {
            "item": "minecraft:iron_boots",
            "amount": 1
        },
        "item_action": {
            "type": "origins:modify",
            "modifier": "cirn_origin:shoddy_boots"
        }
    },
    "key0_______": {
        "type": "origins:modify_crafting",
        "recipe": "minecraft:diamond_helmet",
        "result": {
            "item": "minecraft:diamond_helmet",
            "amount": 1
        },
        "item_action": {
            "type": "origins:modify",
            "modifier": "cirn_origin:shoddy_helmet"
        }
    },
    "key0___________": {
        "type": "origins:modify_crafting",
        "recipe": "minecraft:diamond_chestplate",
        "result": {
            "item": "minecraft:diamond_chestplate",
            "amount": 1
        },
        "item_action": {
            "type": "origins:modify",
            "modifier": "cirn_origin:shoddy_chestplate"
        }
    },
    "key0__________": {
        "type": "origins:modify_crafting",
        "recipe": "minecraft:diamond_leggings",
        "result": {
            "item": "minecraft:diamond_leggings",
            "amount": 1
        },
        "item_action": {
            "type": "origins:modify",
            "modifier": "cirn_origin:shoddy_leggings"
        }
    },
    "key0_________": {
        "type": "origins:modify_crafting",
        "recipe": "minecraft:diamond_boots",
        "result": {
            "item": "minecraft:diamond_boots",
            "amount": 1
        },
        "item_action": {
            "type": "origins:modify",
            "modifier": "cirn_origin:shoddy_boots"
        }
    },
    "key0________": {
        "type": "origins:modify_crafting",
        "recipe": "minecraft:golden_helmet",
        "result": {
            "item": "minecraft:golden_helmet",
            "amount": 1
        },
        "item_action": {
            "type": "origins:modify",
            "modifier": "cirn_origin:shoddy_helmet"
        }
    },
    "key0______________": {
        "type": "origins:modify_crafting",
        "recipe": "minecraft:golden_chestplate",
        "result": {
            "item": "minecraft:golden_chestplate",
            "amount": 1
        },
        "item_action": {
            "type": "origins:modify",
            "modifier": "cirn_origin:shoddy_chestplate"
        }
    },
    "key0_____________": {
        "type": "origins:modify_crafting",
        "recipe": "minecraft:golden_leggings",
        "result": {
            "item": "minecraft:golden_leggings",
            "amount": 1
        },
        "item_action": {
            "type": "origins:modify",
            "modifier": "cirn_origin:shoddy_leggings"
        }
    },
    "key0____________": {
        "type": "origins:modify_crafting",
        "recipe": "minecraft:golden_boots",
        "result": {
            "item": "minecraft:golden_boots",
            "amount": 1
        },
        "item_action": {
            "type": "origins:modify",
            "modifier": "cirn_origin:shoddy_boots"
        }
    }
}