{
    "name": "Undaunted",
    "description": "Leaning on a pillar of jotnar wisdom, you are able to traverse hostile landscapes with ease. Sweet Berry Bushes don't prick you, Magma Blocks deal no damage to you, and you won't sink through Powder Snow.",
    "type": "origins:invulnerability",
    "damage_condition": {
        "type": "origins:and",
        "conditions": [
            {
                "type": "origins:name",
                "name": "hotFloor"
            },
            {
                "type": "origins:name",
                "name": "hotFloor.player"
            }
        ]
    }
}