{
    "name": "Peace And Love",
    "description": "Hostile mobs ignore you, even if you attack them. Some mobs may still be able to damage you if you touch them, but they will never seek you out to attack.",
    "type": "origins:multiple",
    "key0": {
        "type": "apugli:mobs_ignore"
    },
    "key1": {
        "type": "origins:action_over_time",
        "interval": 20,
        "entity_action": {
            "type": "origins:and",
            "actions": [
                {
                    "type": "origins:execute_command",
                    "command": "team join bliss @e[type=piglin]"
                },
                {
                    "type": "origins:execute_command",
                    "command": "team join bliss @e[type=piglin_brute]"
                }
            ]
        }
    },
    "key2": {
        "type": "origins:action_on_callback",
        "execute_chosen_when_orb": true,
        "entity_action_lost": {
            "type": "origins:execute_command",
            "command": "team leave @p"
        },
        "entity_action_added": {
            "type": "origins:and",
            "actions": [
                {
                    "type": "origins:execute_command",
                    "command": "team add bliss"
                },
                {
                    "type": "origins:delay",
                    "action": {
                        "type": "origins:execute_command",
                        "command": "team join bliss @p"
                    },
                    "ticks": 1
                }
            ]
        },
        "entity_action_removed": {
            "type": "origins:execute_command",
            "command": "team leave @p"
        }
    }
}