{
    "name": "Cold Up Here",
    "description": "You freeze above a certain altitude. When fully frozen, your wings freeze solid, preventing you from flying. ",
    "type": "origins:multiple",
    "key0": {
        "condition": {
            "type": "origins:and",
            "conditions": [
                {
                    "type": "origins:in_block",
                    "block_condition": {
                        "type": "origins:height",
                        "comparison": ">=",
                        "compare_to": 128
                    }
                },
                {
                    "inverted": true,
                    "type": "origins:equipped_item",
                    "equipment_slot": "chest",
                    "item_condition": {
                        "type": "origins:ingredient",
                        "ingredient": {
                            "item": "elytra"
                        }
                    }
                },
                {
                    "type": "origins:fall_flying"
                }
            ]
        },
        "type": "apugli:freeze",
        "modifier": {
            "operation": "multiply_total_additive",
            "value": 1
        },
        "should_damage": true
    },
    "key1": {
        "condition": {
            "type": "origins:and",
            "conditions": [
                {
                    "type": "origins:in_block",
                    "block_condition": {
                        "type": "origins:height",
                        "comparison": ">=",
                        "compare_to": 128
                    }
                },
                {
                    "inverted": true,
                    "type": "origins:equipped_item",
                    "equipment_slot": "chest",
                    "item_condition": {
                        "type": "origins:ingredient",
                        "ingredient": {
                            "item": "elytra"
                        }
                    }
                },
                {
                    "inverted": true,
                    "type": "origins:fall_flying"
                }
            ]
        },
        "type": "origins:prevent_elytra_flight",
        "entity_action": {
            "type": "origins:nothing"
        }
    }
}