{
    "name": "Need for Mobility",
    "description": "Heavy armor (armor with protection values higher than chainmail) will prevent you from using your wings.",
    "condition": {
        "type": "origins:and",
        "conditions": [
            {
                "type": "origins:or",
                "conditions": [
                    {
                        "type": "origins:equipped_item",
                        "equipment_slot": "head",
                        "item_condition": {
                            "type": "origins:armor_value",
                            "comparison": ">",
                            "compare_to": 2
                        }
                    },
                    {
                        "type": "origins:equipped_item",
                        "equipment_slot": "chest",
                        "item_condition": {
                            "type": "origins:armor_value",
                            "comparison": ">",
                            "compare_to": 5
                        }
                    },
                    {
                        "type": "origins:equipped_item",
                        "equipment_slot": "legs",
                        "item_condition": {
                            "type": "origins:armor_value",
                            "comparison": ">",
                            "compare_to": 4
                        }
                    },
                    {
                        "type": "origins:equipped_item",
                        "equipment_slot": "feet",
                        "item_condition": {
                            "type": "origins:armor_value",
                            "comparison": ">",
                            "compare_to": 1
                        }
                    }
                ]
            },
            {
                "type": "origins:equipped_item",
                "equipment_slot": "chest",
                "item_condition": {
                    "inverted": true,
                    "type": "origins:ingredient",
                    "ingredient": {
                        "item": "elytra"
                    }
                }
            }
        ]
    },
    "type": "origins:prevent_elytra_flight"
}