{
    "display": {
        "icon": {
            "item": "minecraft:nether_star"
        },
        "title": "HEAVY METAL IS HERE",
        "description": "He has exceeded the limits of his design.",
        "frame": "challenge",
        "show_toast": true,
        "announce_to_chat": true,
        "hidden": true
    },
    "parent": "fayne_origins:fayne/heavy_metal_incoming",
    "criteria": {
        "dont": {
            "trigger": "inventory_changed",
            "conditions": {
                "player": [
                    {
                        "condition": "origins:origin",
                        "origin": "fayne_origins:robot_common"
                    }
                ],
                "items": [
                    {"tag": "rustic_fantastic_origins:upgrade_items"}
                ]
            }
        }
    }
}