{
    "display": {
        "icon": {
            "item": "minecraft:nether_star"
        },
        "title": "HEAVY METAL IS HERE",
        "description": "He has exceeded the limits of his design.",
        "frame": "challenge",
        "show_toast": true,
        "announce_to_chat": true,
        "hidden": true
    },
    "parent": "fayne_origins:fayne/heavy_metal_incoming",
    "criteria": {
        "is_robot": {
            "trigger": "minecraft:player_hurt_entity",
            "conditions": {
                "damage": {
                "blocked": true,
                "type": {
                    "direct_entity": {
                    "type": "minecraft:arrow"
                    }
                }
                },
                "entity": {
                    "type": "minecraft:player",
                    "location": {
                        "biome": "the_void"
                    }
                }
            }
        }
    }
}