{
    "display": {
        "icon": {
            "item": "minecraft:iron_block"
        },
        "title": {
            "text": "Machine Uprising",
            "color": "red",
            "bold": true
        },
        "description": {
            "text": "Initialize to a new world.",
            "color": "#888888",
            "italic": true
        },
        "frame": "task",
        "show_toast": false,
        "announce_to_chat": false,
        "hidden": true,
        "background": "minecraft:textures/block/iron_block.png"
    },
    "criteria": {
        "is_robot": {
            "trigger": "tick",
            "conditions": {
                "player": [
                    {
                        "condition": "origins:origin",
                        "origin": "fayne_origins:robot_common"
                    }
                ]
            }
        }
    }
}