{
    "name": "Electrical Appliance",
    "description": "You run on burnable fuels such as coal or charcoal.",
    "type": "origins:multiple",
    "no_food": {
        "name": "Gutless",
        "description": "You can't eat food.",
        "type": "origins:prevent_item_use",
        "item_condition": {
            "type": "origins:food"
        }
    },
    "energy_consumption": {
        "name": "Energy Consumer",
        "description": "You consume energetic resources such as coal for power.",
        "type": "origins:active_self",
        "entity_action": {
            "type": "origins:and",
            "actions": [
                {
                    "type": "origins:equipped_item_action",
                    "equipment_slot": "mainhand",
                    "action": {
                        "type": "origins:consume",
                        "amount": 1
                    }
                },
                {
                    "type": "origins:feed",
                    "food": 3,
                    "saturation": 1
                }
            ]
        },
        "cooldown": 1,
        "hud_render": {
            "should_render": false
        },
        "key": {
            "key": "key.use",
            "continuous": false
        },
        "condition": {
            "type": "origins:and",
            "conditions": [
                {
                    "type": "origins:equipped_item",
                    "equipment_slot": "mainhand",
                    "item_condition": {
                        "type": "origins:ingredient",
                        "ingredient": {
                            "tag": "fayne_origins:energy_sources"
                        }
                    }
                },
                {
                    "type": "origins:food_level",
                    "compare_to": 20,
                    "comparison": "<"
                }
            ]
        }
    },
    "high_energy_consumption": {
        "name": "High Energy Consumer",
        "description": "You consume highly energetic resources for power.",
        "hidden": true,
        "type": "origins:active_self",
        "entity_action": {
            "type": "origins:and",
            "actions": [
                {
                    "type": "origins:equipped_item_action",
                    "equipment_slot": "mainhand",
                    "action": {
                        "type": "origins:consume",
                        "amount": 1
                    }
                },
                {
                    "type": "origins:feed",
                    "food": 20,
                    "saturation": 20
                }
            ]
        },
        "cooldown": 20,
        "hud_render": {
            "should_render": false
        },
        "key": {
            "key": "key.use",
            "continuous": false
        },
        "condition": {
            "type": "origins:and",
            "conditions": [
                {
                    "type": "origins:equipped_item",
                    "equipment_slot": "mainhand",
                    "item_condition": {
                        "type": "origins:ingredient",
                        "ingredient": {
                            "tag": "fayne_origins:energy_sources"
                        }
                    }
                },
                {
                    "type": "origins:food_level",
                    "compare_to": 20,
                    "comparison": "<"
                }
            ]
        }
    },
    "energy_bar": {
        "hidden": true,
        "type": "origins:status_bar_texture",
        "texture": "fayne_origins:textures/gui/robot_status_bar.png"
    }
}