{
    "name": "Instant Starvation",
    "description": "Running out of energy is a death sentence.",
    "type": "origins:action_when_damage_taken",
    "damage_condition": {
        "type": "origins:name",
        "name": "starve"
    },
    "entity_action": {
        "type": "origins:damage",
        "amount": 200,
        "source": {
            "name": "starve",
            "bypasses_armor": true,
            "unblockable": true,
            "out_of_world": true
        }
    },
    "cooldown": 1
}