{
    "name": "mech_adv_deplete",
    "description": ":3 oopsie",
    "hidden": true,
    "condition": {
        "type": "origins:and",
        "conditions": [
            {
                "type": "origins:power_active",
                "power": "fayne_origins:overclock"
            },
            {
                "type": "origins:food_level",
                "compare_to": 4,
                "comparison": ">="
            }
        ]
    },
    "type": "origins:action_over_time",
    "interval": 5,
    "entity_action": {
        "type": "origins:modify_resource",
        "resource": "fayne_origins:mech_adv_resource",
        "modifier": {
            "operation": "addition",
            "value": -1,
            "resource": "mech_adv_resource"
        }
    }
}