{
    "name": "Mechanical Advantage",
    "description": "You are a machine. You are faster and stronger than any human.\nWhen you choose to be, that is.",
    "badges": [
        {
            "type": "origins:keybind",
            "sprite": "origins:textures/gui/badge/toggle.png",
            "text": "Overclock yourself at the push of a button."
        }
    ],
    "type": "origins:multiple",
    "overclocking": {
        "hidden": true,
        "type": "origins:toggle",
        "active_by_default": true,
        "key": "key.origins.primary_active",
        "retain_state": false
    },
    "power_up": {
        "hidden": true,
        "condition": {
            "type": "origins:power_active",
            "power": "fayne_origins:mechanical_advantage_overclocking"
        },
        "type": "origins:conditioned_attribute",
        "modifiers": [
            {
                "attribute": "minecraft:generic.movement_speed",
                "operation": "multiply_total",
                "value": 0.5
            },
            {
                "attribute": "minecraft:generic.jump_strength",
                "operation": "multiply_total",
                "value": 0.5
            },
            {
                "attribute": "minecraft:generic.attack_speed",
                "operation": "multiply_total",
                "value": 0.5
            },
            {
                "attribute": "minecraft:generic.attack_damage",
                "operation": "multiply_total",
                "value": 0.5
            }
        ],
        "tick_rate": 10,
        "update_health": false
    },
    "increased_consumption": {
        "hidden": true,
        "condition": {
            "type": "origins:power_active",
            "power": "fayne_origins:mechanical_advantage_overclocking",
            "inverted": false
        },
        "type": "origins:modify_exhaustion",
        "modifier": {
            "operation": "multiply_total",
            "value": 0.75
        }
    }
}