{
    "name": "Mechanical Advantage",
    "description": "You are a machine. You are faster and stronger than any human.\nWhen you choose to be, that is.",
    "type": "origins:multiple",
    "power_up": {
        "hidden": true,
        "condition": {
            "type": "origins:power_active",
            "power": "fayne_origins:overclock"
        },
        "type": "origins:conditioned_attribute",
        "modifiers": [
            {
                "attribute": "minecraft:generic.movement_speed",
                "operation": "multiply_total",
                "value": 0.5
            },
            {
                "attribute": "minecraft:generic.jump_strength",
                "operation": "multiply_total",
                "value": 0.5
            },
            {
                "attribute": "minecraft:generic.attack_speed",
                "operation": "multiply_total",
                "value": 0.5
            },
            {
                "attribute": "minecraft:generic.attack_damage",
                "operation": "multiply_total",
                "value": 0.5
            }
        ],
        "tick_rate": 10,
        "update_health": false
    },
    "increased_consumption": {
        "hidden": true,
        "condition": {
            "type": "origins:power_active",
            "power": "fayne_origins:overclock",
            "inverted": false
        },
        "type": "origins:modify_exhaustion",
        "modifier": {
            "operation": "multiply_total",
            "value": 0.75
        }
    }
}