{
    "name": "Metal Repair",
    "description": "You can repair yourself with certain materials",
    "type": "origins:multiple",
    "metal_basic" : {
        "type": "origins:active_self",
        "entity_action": {
            "type": "origins:and",
            "actions": [
                {
                    "type": "origins:equipped_item_action",
                    "equipment_slot": "mainhand",
                    "action": {
                        "type": "origins:consume",
                        "amount": 1
                    }
                },
                {
                    "type": "origins:heal",
                    "amount": 6
                }
            ]
        },
        "cooldown": 10,
        "hud_render": {
            "should_render": true
        },
        "key": {
            "key": "key.use",
            "continuous": false
        },
        "condition": {
            "type": "origins:and",
            "conditions": [
                {
                    "type": "origins:equipped_item",
                    "equipment_slot": "mainhand",
                    "item_condition": {
                        "type": "origins:ingredient",
                        "ingredient": {
                            "tag": "fayne_origins:metal_repair_resources"
                        }
                    }
                },
                {
                    "type": "origins:health",
                    "compare_to": 20,
                    "comparison": "<"
                }
            ]
        }
    },
    "metal_advanced" : {
        "type": "origins:active_self",
        "entity_action": {
            "type": "origins:and",
            "actions": [
                {
                    "type": "origins:equipped_item_action",
                    "equipment_slot": "mainhand",
                    "action": {
                        "type": "origins:consume",
                        "amount": 1
                    }
                },
                {
                    "type": "origins:heal",
                    "amount": 20
                }
            ]
        },
        "cooldown": 1,
        "hud_render": {
            "should_render": false
        },
        "key": {
            "key": "key.use",
            "continuous": false
        },
        "condition": {
            "type": "origins:and",
            "conditions": [
                {
                    "type": "origins:equipped_item",
                    "equipment_slot": "mainhand",
                    "item_condition": {
                        "type": "origins:ingredient",
                        "ingredient": {
                            "tag": "fayne_origins:metal_repair_resources"
                        }
                    }
                },
                {
                    "type": "origins:health",
                    "compare_to": 20,
                    "comparison": "<"
                }
            ]
        }
    }
}