{
    "name": "Metal Body",
    "description": "You are made of metal. You do not heal automatically.",
    "type": "origins:multiple",
    "no_regen":{
        "type": "origins:disable_regen"
    },
    "reinforced_body":{
        "type": "origins:attribute",
        "modifiers": [
            {
                "attribute": "minecraft:generic.armor",
                "operation": "addition",
                "value": 8
            },
            {
                "attribute": "minecraft:generic.armor_toughness",
                "operation": "addition",
                "value": 4
            }
        ]
    }
}