{
    "name": "Fayne Core",
    "description": "The slightest trickle of energy flows into you.\nIndefinitely.",
    "type": "origins:action_over_time",
    "interval": 100,
    "entity_action": {
        "type": "origins:apply_effect",
        "effects": [{
            "effect": "minecraft:saturation",
            "duration": 10,
            "amplifier": 1,
            "show_particles": false,
            "show_icon": false
        },{
            "effect": "minecraft:instant_health",
            "duration": 1,
            "amplifier": 0,
            "show_particles": false,
            "show_icon": false
        },{
            "effect": "minecraft:fire_resistance",
            "duration": 100,
            "amplifier": 0,
            "show_particles": false,
            "show_icon": false
        },{
            "effect": "minecraft:water_breathing",
            "duration": 100,
            "amplifier": 0,
            "show_particles": false,
            "show_icon": false
        },{
            "effect": "minecraft:haste",
            "duration": 100,
            "amplifier": 0,
            "show_particles": false,
            "show_icon": false
        },{
            "effect": "minecraft:slow_falling",
            "duration": 100,
            "amplifier": 0,
            "show_particles": false,
            "show_icon": false
        },{
            "effect": "minecraft:strength",
            "duration": 100,
            "amplifier": 0,
            "show_particles": false,
            "show_icon": false
        }]
    }
}