{
    "name": "Fayne Core",
    "description": "The slightest trickle of energy flows into you.\nIndefinitely.",
    "type": "origins:multiple",
    "potions": {
        "type": "origins:action_over_time",
        "interval": 200,
        "entity_action": {
            "type": "origins:apply_effect",
            "effects": [{
                "effect": "minecraft:saturation",
                "duration": 5,
                "amplifier": 0,
                "show_particles": false,
                "show_icon": false
            },{
                "effect": "minecraft:instant_health",
                "duration": 1,
                "amplifier": 0,
                "show_particles": false,
                "show_icon": false
            },{
                "effect": "minecraft:water_breathing",
                "duration": 200,
                "amplifier": 0,
                "show_particles": false,
                "show_icon": false
            }]
        }
    },
    "fireproof": {
        "type": "origins:fire_immunity"
    },
    "stat_increase": {
        "type": "origins:attribute",
        "modifiers": [
            {
                "attribute": "minecraft:generic.armor",
                "operation": "addition",
                "value": 4
            },
            {
                "attribute": "minecraft:generic.armor_toughness",
                "operation": "addition",
                "value": 2
            },
            {
                "attribute": "minecraft:generic.attack_speed",
                "operation": "multiply_total",
                "value": 0.5
            },
            {
                "attribute": "minecraft:generic.max_health",
                "operation": "addition",
                "value": 10
            },
            {
                "attribute": "minecraft:generic.jump_strength",
                "operation": "multiply_base",
                "value": 1
            },
            {
                "attribute": "minecraft:player.entity_interaction_range",
                "operation": "multiply_base",
                "value": 0.5
            },
            {
                "attribute": "minecraft:player.block_interaction_range",
                "operation": "multiply_base",
                "value": 0.5
            }
        ]
    }
}