{
    "name": "Soul Core",
    "description": "The slightest trickle of energy flows into you.\nIndefinitely.",
    "type": "origins:action_over_time",
    "interval": 100,
    "entity_action": {
        "type": "origins:apply_effect",
        "effects": [{
            "effect": "minecraft:saturation",
            "duration": 20,
            "amplifier": 1,
            "show_particles": false,
            "show_icon": false
        },{
            "effect": "minecraft:regeneration",
            "duration": 20,
            "amplifier": 1,
            "show_particles": false,
            "show_icon": false
        },{
            "effect": "minecraft:resistance",
            "duration": 100,
            "amplifier": 0,
            "show_particles": false,
            "show_icon": false
        }]
    }
}