{
    "name": "Upgradable",
    "description": "There is room to improve on this design.",
    "type": "origins:multiple",
    "upgrade_recipe": {
        "hidden": true,
        "type": "origins:recipe",
        "recipe": {
            "id": "fayne_origins:robot_upgrade_recipe",
            "type": "minecraft:crafting_shaped",
            "pattern": [
                "ICI",
                "RTR",
                "ICI"
            ],
            "key": {
                "I": {
                    "item": "minecraft:iron_block"
                },
                "C": {
                    "item": "minecraft:copper_block"
                },
                "R": {
                    "item": "minecraft:redstone_block"
                },
                "T": {
                    "item": "minecraft:totem_of_undying"
                }
            },
            "result": {
                "item": "kubejs:robot_upgrade_core",
                "count": 1
            }
        }
    },
    "use_upgrade": {
        "hidden": true,
        "type": "origins:active_self",
        "entity_action": {
            "type": "origins:and",
            "actions": [
                
                {
                    "type": "origins:feed",
                    "food": 20,
                    "saturation": 20
                },
                {
                    "type": "origins:heal",
                    "amount": 20
                },
                {
                    "type": "origins:grant_advancement",
                    "advancement": "0:heavy_metal_is_here",
                    "criteria": ["is_robot"],
                    "selection": "only"
                },
                {
                    "type": "origins:execute_command",
                    "command": "playsound block.end_portal.spawn hostile @a"
                }
            ]
        },
        "cooldown": 1,
        "hud_render": {
            "should_render": false
        },
        "key": {
            "key": "key.use",
            "continuous": false
        },
        "condition": {
            "type": "origins:equipped_item",
            "equipment_slot": "mainhand",
            "item_condition": {
                "type": "origins:ingredient",
                "ingredient": {
                    "tag": "fayne_origins:upgrade_items"
                }
            }
        }
    }
}